id,name
1,nithya
1,nithya
2,sathya
1,nithya
2,sathya
2,sathya
1,nithya
2,sathya
2,sathya
1,nithya
2,sathya
2,sathya
2,sathya
1,nithya
2,sathya
1,nithya
1,nithya
2,sathya
2,sathya
1,nithya
1,nithya
2,sathya
2,sathya
1,nithya
1,nithya
1,nithya
2,sathya
1,nithya
2,sathya
2,sathya
1,nithya
1,nithya
1,nithya
2,sathya
1,nithya
2,sathya
1,nithya
2,sathya
2,sathya
2,sathya
1,nithya
1,nithya
1,nithya
1,nithya
2,sathya
1,nithya
1,nithya
1,nithya
2,sathya
1,nithya
2,sathya
1,nithya
2,sathya
2,sathya
1,nithya
1,nithya
2,sathya
1,nithya
2,sathya
2,sathya
2,sathya
2,sathya
2,sathya
2,sathya
2,sathya
2,sathya
1,nithya
1,nithya
2,sathya
1,nithya
2,sathya
1,nithya
2,sathya
1,nithya
2,sathya
2,sathya
2,sathya
2,sathya
1,nithya
1,nithya
1,nithya
2,sathya
2,sathya
1,nithya
1,nithya
2,sathya
2,sathya
1,nithya
2,sathya
2,sathya
1,nithya
2,sathya
1,nithya
2,sathya
2,sathya
1,nithya
1,nithya
2,sathya
1,nithya
1,nithya
1,nithya
2,sathya
2,sathya
2,sathya
1,nithya
1,nithya
1,nithya
1,nithya
1,nithya
2,sathya
1,nithya
2,sathya
1,nithya
1,nithya
2,sathya
1,nithya
1,nithya
2,sathya
2,sathya
2,sathya
1,nithya
2,sathya
1,nithya
1,nithya
2,sathya
1,nithya
1,nithya
2,sathya
2,sathya
1,nithya
2,sathya
2,sathya
1,nithya
2,sathya
2,sathya
1,nithya
1,nithya
2,sathya
1,nithya
2,sathya
2,sathya
2,sathya
1,nithya
1,nithya
1,nithya
2,sathya
2,sathya
1,nithya
1,nithya
2,sathya
1,nithya
1,nithya
2,sathya
2,sathya
1,nithya
1,nithya
1,nithya
2,sathya
2,sathya
2,sathya
1,nithya
1,nithya
1,nithya
2,sathya
2,sathya
1,nithya
2,sathya
2,sathya
1,nithya
1,nithya
2,sathya
1,nithya
2,sathya
2,sathya
1,nithya
2,sathya
2,sathya
1,nithya
1,nithya
2,sathya
2,sathya
1,nithya
1,nithya
1,nithya
2,sathya
1,nithya
1,nithya
2,sathya
1,nithya
2,sathya
1,nithya
2,sathya
2,sathya
2,sathya
1,nithya
1,nithya
1,nithya
2,sathya
2,sathya
1,nithya
1,nithya
2,sathya
